beta	psuedoF	pval
bray_curtis	12.891647477130961	0.001
ctf	0.1991319991703538	0.824
jaccard	8.413400884902046	0.001
phylo_ctf	1.1473178892920093	0.306
unweighted_unifrac	8.400116807009779	0.001
weighted_unifrac	35.45709054552936	0.001
