	bray_curtis	jaccard	phylo_rpca	rpca	unweighted_unifrac	weighted_unifrac
bray_curtis	1.0	0.7269665187217548	7.718724704014315e-18	1.8913370757168895e-34	0.0420633016263719	0.0002006666292953241
jaccard	0.7269665187217548	1.0	3.5102697902388916e-19	2.8708615186405667e-36	0.0872079813411162	5.60112399025496e-05
phylo_rpca	7.718724704014315e-18	3.5102697902388916e-19	1.0	0.00017622111406200757	4.993901517726257e-27	2.9604511610703974e-06
rpca	1.8913370757168895e-34	2.8708615186405667e-36	0.00017622111406200757	1.0	8.891971142294177e-47	6.830658773909269e-17
unweighted_unifrac	0.0420633016263719	0.0872079813411162	4.993901517726257e-27	8.891971142294177e-47	1.0	8.370650323626223e-09
weighted_unifrac	0.0002006666292953241	5.60112399025496e-05	2.9604511610703974e-06	6.830658773909269e-17	8.370650323626223e-09	1.0
