	bray_curtis	ctf	jaccard	phylo_ctf	phylo_rpca	rpca	unweighted_unifrac	weighted_unifrac
bray_curtis	1.0	0.9262153718637303	0.9766071331609715	0.0021359535753461977	6.908486066591463e-17	4.221697707939222e-19	0.9262153718637303	0.5376710799243536
ctf	0.9262153718637303	1.0	0.9262153718637303	0.04615731059475333	0.031536983965601215	0.02198629111280366	0.9262153718637303	0.9766071331609715
jaccard	0.9766071331609715	0.9262153718637303	1.0	0.0021359535753461977	4.921537054306056e-17	3.1802590269708703e-19	0.9262153718637303	0.549119441017971
phylo_ctf	0.0021359535753461977	0.04615731059475333	0.0021359535753461977	1.0	1.569225116825453e-07	7.29088994054102e-08	0.0023212672996099073	0.004096248166654005
phylo_rpca	6.908486066591463e-17	0.031536983965601215	4.921537054306056e-17	1.569225116825453e-07	1.0	0.6711308318393536	1.1127872309134188e-17	3.003615704992624e-20
rpca	4.221697707939222e-19	0.02198629111280366	3.1802590269708703e-19	7.29088994054102e-08	0.6711308318393536	1.0	7.32064537427233e-20	1.2354578527102638e-22
unweighted_unifrac	0.9262153718637303	0.9262153718637303	0.9262153718637303	0.0023212672996099073	1.1127872309134188e-17	7.32064537427233e-20	1.0	0.6642095610975615
weighted_unifrac	0.5376710799243536	0.9766071331609715	0.549119441017971	0.004096248166654005	3.003615704992624e-20	1.2354578527102638e-22	0.6642095610975615	1.0
