	bray_curtis	ctf	jaccard	phylo_ctf	phylo_rpca	rpca	unweighted_unifrac	weighted_unifrac
bray_curtis	1.0	1.8260105376660665e-13	0.8719887843397618	1.325986109725706e-75	1.1116987552770939e-17	1.9569405404739697e-41	0.09455030256115304	0.22980962427951915
ctf	1.8260105376660665e-13	1.0	2.3406014722688634e-13	2.5877358484246957e-15	1.2299027550795222e-07	4.399101600954919e-05	4.1704403963932825e-12	1.7388494444199495e-12
jaccard	0.8719887843397618	2.3406014722688634e-13	1.0	1.4475532210285098e-75	4.5192872781165787e-17	1.7504998962232551e-40	0.12702417101229196	0.2895012673156896
phylo_ctf	1.325986109725706e-75	2.5877358484246957e-15	1.4475532210285098e-75	1.0	1.4732969348152994e-60	3.014958032063343e-52	1.5572188852857277e-72	1.9554026639055343e-73
phylo_rpca	1.1116987552770939e-17	1.2299027550795222e-07	4.5192872781165787e-17	1.4732969348152994e-60	1.0	1.814973929649623e-07	1.6139170372296094e-11	4.2695176764589273e-13
rpca	1.9569405404739697e-41	4.399101600954919e-05	1.7504998962232551e-40	3.014958032063343e-52	1.814973929649623e-07	1.0	3.1733048754725616e-31	6.00501073402562e-34
unweighted_unifrac	0.09455030256115304	4.1704403963932825e-12	0.12702417101229196	1.5572188852857277e-72	1.6139170372296094e-11	3.1733048754725616e-31	1.0	0.6417715360025334
weighted_unifrac	0.22980962427951915	1.7388494444199495e-12	0.2895012673156896	1.9554026639055343e-73	4.2695176764589273e-13	6.00501073402562e-34	0.6417715360025334	1.0
