metric	stat	p_value
accuracy	252.7433747201523	7.221540949173298e-51
r2	336.3129420321424	1.5465891051174602e-70
roc	676.7630850330348	7.045547116570594e-142
