metric	stat	p_value
accuracy	194.99393874610607	1.3172535245277595e-38
r2	525.6049914010146	2.36924937215987e-111
roc	861.1130052174757	1.195939193415445e-181
