	bray_curtis	ctf	jaccard	phylo_ctf	phylo_rpca	rpca	unweighted_unifrac	weighted_unifrac
bray_curtis	1.0	0.034816418364530505	0.978333614833043	0.0014359595864591424	3.643180328877676e-15	3.107239784680184e-15	0.978333614833043	0.47489240793106163
ctf	0.034816418364530505	1.0	0.034816418364530505	0.000114669796090732	0.9041902911255384	0.9041902911255384	0.034816418364530505	0.05823266082180855
jaccard	0.978333614833043	0.034816418364530505	1.0	0.0014359595864591424	5.378327169087062e-15	3.107239784680184e-15	0.983688515400794	0.4930986719507387
phylo_ctf	0.0014359595864591424	0.000114669796090732	0.0014359595864591424	1.0	2.1992984370555023e-07	1.9866073447427828e-07	0.0014359595864591424	0.000707674733235765
phylo_rpca	3.643180328877676e-15	0.9041902911255384	5.378327169087062e-15	2.1992984370555023e-07	1.0	0.9756570581570578	5.378327169087062e-15	4.667778536112377e-12
rpca	3.107239784680184e-15	0.9041902911255384	3.107239784680184e-15	1.9866073447427828e-07	0.9756570581570578	1.0	3.107239784680184e-15	1.7669820095315323e-12
unweighted_unifrac	0.978333614833043	0.034816418364530505	0.983688515400794	0.0014359595864591424	5.378327169087062e-15	3.107239784680184e-15	1.0	0.4930986719507387
weighted_unifrac	0.47489240793106163	0.05823266082180855	0.4930986719507387	0.000707674733235765	4.667778536112377e-12	1.7669820095315323e-12	0.4930986719507387	1.0
