	bray_curtis	ctf	jaccard	phylo_ctf	phylo_rpca	rpca	unweighted_unifrac	weighted_unifrac
bray_curtis	1.0	0.02326949529165738	0.7138609519790099	9.40220439274524e-55	1.4302003235970424e-15	1.0278237285003966e-45	0.03352567244082615	2.734174480883317e-11
ctf	0.02326949529165738	1.0	0.028672086205697	4.0844655155052317e-38	1.8059126202043947e-05	6.090956910424534e-09	0.07904117355801488	0.5658051904095638
jaccard	0.7138609519790099	0.028672086205697	1.0	2.497972136601379e-55	5.864858727848854e-17	4.0076915429909473e-48	0.07694022967920502	2.840374539472698e-10
phylo_ctf	9.40220439274524e-55	4.0844655155052317e-38	2.497972136601379e-55	1.0	1.2219356356164307e-42	4.80273202846568e-34	1.5316299247018683e-58	6.02305005312164e-67
phylo_rpca	1.4302003235970424e-15	1.8059126202043947e-05	5.864858727848854e-17	1.2219356356164307e-42	1.0	4.5443374253258776e-11	6.305655871657733e-25	9.568567378474307e-52
rpca	1.0278237285003966e-45	6.090956910424534e-09	4.0076915429909473e-48	4.80273202846568e-34	4.5443374253258776e-11	1.0	6.956590013634513e-61	1.6762993990480422e-100
unweighted_unifrac	0.03352567244082615	0.07904117355801488	0.07694022967920502	1.5316299247018683e-58	6.305655871657733e-25	6.956590013634513e-61	1.0	7.3375274715655434e-06
weighted_unifrac	2.734174480883317e-11	0.5658051904095638	2.840374539472698e-10	6.02305005312164e-67	9.568567378474307e-52	1.6762993990480422e-100	7.3375274715655434e-06	1.0
