	bray_curtis	jaccard	phylo_rpca	rpca	unweighted_unifrac	weighted_unifrac
bray_curtis	1.0	1.0	4.6312348224085894e-17	5.674011227150669e-34	0.5468229211428347	0.0024079995515438896
jaccard	1.0	1.0	1.7551348951194457e-18	5.7417230372811334e-36	1.0	0.000560112399025496
phylo_rpca	4.6312348224085894e-17	1.7551348951194457e-18	1.0	0.0019384322546820833	1.997560607090503e-26	2.6644060449633578e-05
rpca	5.674011227150669e-34	5.7417230372811334e-36	0.0019384322546820833	1.0	8.891971142294177e-47	4.781461141736489e-16
unweighted_unifrac	0.5468229211428347	1.0	1.997560607090503e-26	8.891971142294177e-47	1.0	6.696520258900978e-08
weighted_unifrac	0.0024079995515438896	0.000560112399025496	2.6644060449633578e-05	4.781461141736489e-16	6.696520258900978e-08	1.0
