	bray_curtis	ctf	jaccard	phylo_ctf	phylo_rpca	rpca	unweighted_unifrac	weighted_unifrac
bray_curtis	1.0	1.0	1.0	0.02442907642787472	5.526788853273171e-16	2.1108488539696113e-18	1.0	1.0
ctf	1.0	1.0	1.0	0.7846742801108066	0.5045917434496194	0.32979436669205486	1.0	1.0
jaccard	1.0	1.0	1.0	0.025631442904154367	3.445075938014239e-16	1.272103610788348e-18	1.0	1.0
phylo_ctf	0.02442907642787472	0.7846742801108066	0.025631442904154367	1.0	1.569225116825453e-06	6.561800946486919e-07	0.0301764748949288	0.05734747433315607
phylo_rpca	5.526788853273171e-16	0.5045917434496194	3.445075938014239e-16	1.569225116825453e-06	1.0	1.0	6.676723385480513e-17	6.007231409985246e-20
rpca	2.1108488539696113e-18	0.32979436669205486	1.272103610788348e-18	6.561800946486919e-07	1.0	1.0	2.196193612281699e-19	1.2354578527102635e-22
unweighted_unifrac	1.0	1.0	1.0	0.0301764748949288	6.676723385480513e-17	2.196193612281699e-19	1.0	1.0
weighted_unifrac	1.0	1.0	1.0	0.05734747433315607	6.007231409985246e-20	1.2354578527102635e-22	1.0	1.0
