	bray_curtis	ctf	jaccard	phylo_ctf	phylo_rpca	rpca	unweighted_unifrac	weighted_unifrac
bray_curtis	1.0	2.556414752732493e-12	1.0	1.325986109725706e-75	1.2228686308048032e-16	1.3698583783317788e-40	1.0	1.0
ctf	2.556414752732493e-12	1.0	3.5109022084032947e-12	3.364056602952105e-14	2.459805510159045e-06	0.0009678023522100822	7.506792713507909e-11	2.956044055513914e-11
jaccard	1.0	3.5109022084032947e-12	1.0	2.8951064420570195e-75	5.423144733739894e-16	1.4003999169786041e-39	1.0	1.0
phylo_ctf	1.325986109725706e-75	3.364056602952105e-14	2.8951064420570195e-75	1.0	7.366484674076497e-60	1.8089748192380057e-51	6.228875541142911e-72	5.866207991716602e-73
phylo_rpca	1.2228686308048032e-16	2.459805510159045e-06	5.423144733739894e-16	7.366484674076497e-60	1.0	3.811445252264208e-06	3.0664423707362577e-10	6.831228282334284e-12
rpca	1.3698583783317788e-40	0.0009678023522100822	1.4003999169786041e-39	1.8089748192380057e-51	3.811445252264208e-06	1.0	3.173304875472562e-30	5.404509660623058e-33
unweighted_unifrac	1.0	7.506792713507909e-11	1.0	6.228875541142911e-72	3.0664423707362577e-10	3.173304875472562e-30	1.0	1.0
weighted_unifrac	1.0	2.956044055513914e-11	1.0	5.866207991716602e-73	6.831228282334284e-12	5.404509660623058e-33	1.0	1.0
